question,tag
জন্মনিবন্ধন করতে কত টাকা লাগে,irrelevant
জন্ম সনদ সংশোধন করার নিয়ম কী,irrelevant
জন্মনিবন্ধনের ফি কত,irrelevant
অনলাইনে জন্ম নিবন্ধন করার উপায়,irrelevant
জন্ম সনদ হারিয়ে গেলে কী করব,irrelevant
জন্মনিবন্ধন করতে কী কী লাগে,irrelevant
জন্ম সার্টিফিকেট কীভাবে পাবো,irrelevant
জন্মনিবন্ধন করার সময়সীমা কত,irrelevant
পাসপোর্ট করতে কত টাকা লাগে,irrelevant
পাসপোর্ট করার ফি কত,irrelevant
পাসপোর্ট রিনিউ করতে কী লাগে,irrelevant
পাসপোর্ট করতে কতদিন সময় লাগে,irrelevant
অনলাইনে পাসপোর্ট আবেদন করার নিয়ম,irrelevant
পাসপোর্ট হারিয়ে গেলে কী করব,irrelevant
ই-পাসপোর্ট করার খরচ কত,irrelevant
পাসপোর্ট সংশোধন করতে কী লাগে,irrelevant
ড্রাইভিং লাইসেন্স করতে কত টাকা লাগে,irrelevant
ড্রাইভিং লাইসেন্স করার নিয়ম কী,irrelevant
ড্রাইভিং লাইসেন্স করতে কী কী কাগজ লাগে,irrelevant
লাইসেন্স রিনিউ করতে কত খরচ,irrelevant
ড্রাইভিং লাইসেন্স হারিয়ে গেলে কী করতে হয়,irrelevant
অনলাইনে ড্রাইভিং লাইসেন্স আবেদন,irrelevant
TIN সার্টিফিকেট করতে কত টাকা লাগে,irrelevant
TIN নম্বর কীভাবে পাবো,irrelevant
অনলাইনে TIN রেজিস্ট্রেশন করার নিয়ম,irrelevant
TIN সার্টিফিকেট সংশোধন,irrelevant
ট্যাক্স আইডি নম্বর করার উপায়,irrelevant
ট্রেড লাইসেন্স করতে কত টাকা লাগে,irrelevant
ট্রেড লাইসেন্স রিনিউ করার নিয়ম,irrelevant
ব্যবসার লাইসেন্স করতে কী কী লাগে,irrelevant
ট্রেড লাইসেন্স করার ফি কত,irrelevant
ভোটার তালিকা কীভাবে দেখবো,irrelevant
ভোটার তালিকায় নাম আছে কিনা জানার উপায়,irrelevant
ভোটার তালিকা সংশোধন করার নিয়ম,irrelevant
ভোটার রেজিস্ট্রেশন যাচাই করবো কীভাবে,irrelevant
ভোটার হতে কত বছর বয়স লাগে,irrelevant
সিটিজেনশিপ সার্টিফিকেট করার নিয়ম,irrelevant
জাতীয়তা সনদ পেতে কী কী লাগে,irrelevant
নাগরিকত্ব সার্টিফিকেট কীভাবে পাবো,irrelevant
চারিত্রিক সনদ করার নিয়ম কী,irrelevant
ক্যারেক্টার সার্টিফিকেট কোথায় পাবো,irrelevant
চারিত্রিক সনদ করতে কত টাকা লাগে,irrelevant
পুলিশ ক্লিয়ারেন্স সার্টিফিকেট করার উপায়,irrelevant
ওয়ারিশ সনদ করার নিয়ম কী,irrelevant
উত্তরাধিকার সার্টিফিকেট কীভাবে পাবো,irrelevant
ওয়ারিশ সনদ করতে কত টাকা লাগে,irrelevant
বিয়ে সনদ করার নিয়ম,irrelevant
বিবাহ নিবন্ধন করতে কী লাগে,irrelevant
বিয়ে সার্টিফিকেট করতে কত টাকা,irrelevant
অনলাইনে বিয়ে রেজিস্ট্রেশন,irrelevant
তালাক সনদ করার উপায়,irrelevant
মৃত্যু সনদ করার নিয়ম,irrelevant
মৃত্যু নিবন্ধন করতে কী কী লাগে,irrelevant
মৃত্যু সার্টিফিকেট কীভাবে পাবো,irrelevant
ডেথ সার্টিফিকেট করার ফি,irrelevant
করমুক্তি সনদ করার নিয়ম,irrelevant
ট্যাক্স ক্লিয়ারেন্স সার্টিফিকেট,irrelevant
জমির দলিল করতে কত টাকা লাগে,irrelevant
জমি রেজিস্ট্রেশন করার খরচ,irrelevant
জমির মালিকানা যাচাই করার উপায়,irrelevant
জমি বিক্রয়ের দলিল করার নিয়ম,irrelevant
মিউটেশন করতে কত টাকা লাগে,irrelevant
নামজারি করার খরচ কত,irrelevant
জমি নামজারি করার নিয়ম,irrelevant
খতিয়ান কপি করতে কত টাকা লাগে,irrelevant
দাগ নম্বর দিয়ে জমি খোঁজার উপায়,irrelevant
আয়কর রিটার্ন জমা দেওয়ার নিয়ম,irrelevant
ট্যাক্স রিটার্ন ফাইল করার সময়,irrelevant
আয়কর রিটার্ন ফর্ম ডাউনলোড,irrelevant
পরীক্ষার ফলাফল কীভাবে দেখবো,irrelevant
এসএসসি রেজাল্ট দেখার উপায়,irrelevant
এইচএসসি রেজাল্ট কবে দিবে,irrelevant
পরীক্ষার সার্টিফিকেট সংশোধন,irrelevant
মার্কশিট সংশোধন করার নিয়ম,irrelevant
চাকরির পরীক্ষার ফলাফল কোথায় পাবো,irrelevant
বিসিএস পরীক্ষার রেজাল্ট,irrelevant
সরকারি চাকরির বিজ্ঞপ্তি কোথায় পাবো,irrelevant
চাকরির আবেদন করার নিয়ম,irrelevant
বিদ্যুৎ বিল পেমেন্ট করার উপায়,irrelevant
ওয়াসা বিল দিতে কত টাকা লাগে,irrelevant
গ্যাস বিল অনলাইনে পেমেন্ট,irrelevant
বিদ্যুৎ সংযোগ নিতে কী কী লাগে,irrelevant
নতুন মিটার সংযোগ খরচ,irrelevant
স্বাস্থ্য বীমা করতে কত টাকা লাগে,irrelevant
জীবন বীমার পলিসি করার নিয়ম,irrelevant
বীমা ক্লেইম করার উপায়,irrelevant
ব্যাংক অ্যাকাউন্ট খুলতে কী লাগে,irrelevant
নতুন ব্যাংক একাউন্ট খোলার নিয়ম,irrelevant
এটিএম কার্ড ব্লক করবো কীভাবে,irrelevant
ব্যাংক লোন নিতে কী কী কাগজ লাগে,irrelevant
ক্রেডিট কার্ড করতে কত বেতন লাগে,irrelevant
